T,NZ_CP051001.1.READSIM_MUTANT,NZ_CP051001.1.sim_mutant.READSIM_MUTANT,NZ_CP068279.1.READSIM_MUTANT,NZ_CP068279.1.sim_mutant.READSIM_MUTANT,NZ_CP035882.1.READSIM_MUTANT,NZ_CP035882.1.sim_mutant.READSIM_MUTANT
10,0.261437908496732,0.2745098039215686,0.0980392156862745,0.2941176470588235,0.0130718954248366,0.05882352941176469
22,0.3146067415730337,0.348314606741573,0.13483146067415727,0.12359550561797751,0.03370786516853932,0.04494382022471909
36,0.2590673575129534,0.5008635578583766,0.07772020725388601,0.0690846286701209,0.08635578583765113,0.00690846286701209
64,0.1521739130434783,0.5434782608695653,0.06521739130434782,0.0391304347826087,0.1956521739130435,0.004347826086956522
79,0.06423982869379015,0.5139186295503212,0.044967880085653104,0.01284796573875803,0.2569593147751606,0.10706638115631692
93,0.012919896640826873,0.2971576227390181,0.015503875968992248,0.002583979328165375,0.516795865633075,0.15503875968992248
