T,NZ_CP092452.1,NZ_CP092452.1.sim_mutant,NZ_CP024859.1,NZ_CP024859.1.sim_mutant
10,0.41666667,0.375,0.125,0.08333333
22,0.41666667,0.33333333,0.16666667,0.08333333
36,0.4,0.36,0.2,0.04
64,0.34615385,0.38461538,0.15384615,0.11538462
79,0.32,0.4,0.2,0.08