T,NZ_CP022154.1.READSIM_MUTANT,NZ_CP022154.1.sim_mutant.READSIM_MUTANT,NZ_LR536430.1.READSIM_MUTANT,NZ_LR536430.1.sim_mutant.READSIM_MUTANT
10,0.41666667,0.375,0.125,0.08333333
22,0.41666667,0.33333333,0.16666667,0.08333333
36,0.4,0.36,0.2,0.04
64,0.15384615,0.11538462,0.34615385,0.38461538
79,0.2,0.08,0.32,0.4