T,NZ_CP022154.1.READSIM_MUTANT,NZ_CP022154.1.sim_mutant.READSIM_MUTANT,NZ_LR536430.1.READSIM_MUTANT,NZ_LR536430.1.sim_mutant.READSIM_MUTANT
10,0.5181347150259068,0.4766839378238342,0.0020725388601036273,0.0031088082901554407
22,0.5416248746238717,0.44132397191574724,0.010030090270812437,0.007021063189568706
36,0.4535637149028079,0.5399568034557236,0.0021598272138228947,0.0043196544276457895
