T,NZ_CP022154.1.READSIM_MUTANT,NZ_CP022154.1.sim_mutant.READSIM_MUTANT,NZ_LR536430.1.READSIM_MUTANT,NZ_LR536430.1.sim_mutant.READSIM_MUTANT
10,0.5181347150259068,0.4766839378238342,0.0020725388601036273,0.0031088082901554407
22,0.5416248746238717,0.44132397191574724,0.010030090270812437,0.007021063189568706
36,0.4535637149028079,0.5399568034557236,0.0021598272138228947,0.0043196544276457895
64,0.4480810442236509,0.5454899668809664,0.002532631989090201,0.003896356906292617
79,0.5401901469317201,0.45375972342264487,0.0021607605877268805,0.003889369057908384